Internet,290
Red,262
Dato,176
Telecomunicaciones,121
Empresa,83
Desarrollo,66
Oportunidad,60
Conectividad,59
Redes sociales,44
Trabajo,38
Encuesta,38
Estrategia,34
Marketing,24
Salud,23
Infraestructura,21
Empleo,16
4G,14
Ancho de banda,13
Data,11
5G,9
Productividad,8
Creatividad,8
Realidad virtual,8
Igualdad,7
Nube,7
3G,5
Cultura,5
Algoritmo,4
Big data,4
Ecosistema,4
Realidad aumentada,4
Brecha digital,4
Aprender,4
2G,2
Teletrabajo,2
Turismo,2
privacidad,2
Cultura digital,2
Digitalizacion,2
Pobreza,2
Sociedad digital,1
Ciberseguridad,1
transformacion digital TD,0
Manipulación redes,0
Disrupcion,0
Era digital,0
Servicios públicos,0
Encuests,0
Gobierno digital,0
Gobernanza,0
Gobierno abierto,0
Colaboración,0
Video juegos,0
Alfabetización digital,0
Modernización,0
Liderazgo,0
Acoso digital,0
Ciberbullyng,0
Inclusión digital,0
Políticas públicas,0
Bienestar digital,0
Acceso Internet,0
Cambio social,0
Negocio datos,0
Estado colaborador,0
Censura,0
Postcensura,0
Identidad digital,0
Telefonía móvil,0
Economía digital,0
Futuro telecomunicaciones,0
Prosperidad,0
Inteligencia colaborativa,0
Derechos digitales,0
Igualdad acceso,0
Inclusión cultural,0
Centro nacional data,0
Transformación digital,0
Digitalizados,0
Educación,0
IoT Internet de las cosas,0
Inteligencia artificial  IA,0
Salto tecnológico,0
Innovación,0
Tecnológico,0
Ciudad inteligente,0
Neuronas,0
Grafos,0
Milennials,0
Generación Z,0
Política digital,0
Ventas digitales,0
Sustentable,0
Ética,0
Ciencia datos,0
Futuro produccion,0
Geotecnologia,0
Conectivismo,0
Telemedicina,0
Predecir Futuro,0
Comercio Electrónico,0
Búsqueda laboral,0
Regulación Telecomunicaciones,0
Subsidio conectividad,0
Investigación colaborativa,0
Colectividad y redes,0
Gratuidad,0
Protocolo Internet,0
Futuro Internet,0
