Red,489
Conectividad,122
Empresa,111
Trabajo,93
Dato,76
Infraestructura,75
Internet,70
Desarrollo,46
Oportunidad,42
5G,36
Cultura,30
Bienestar digital,28
Salud,25
Data,25
Aprender,25
Ciberseguridad,21
Grafos,19
Digitalizacion,19
Nube,18
Redes sociales,16
Encuesta,15
Gobierno digital,14
Turismo,13
Teletrabajo,11
Estrategia,10
Telecomunicaciones,10
Algoritmo,8
Ancho de banda,8
Productividad,7
Realidad aumentada,7
Empleo,6
Big data,6
Ecosistema,6
Igualdad,5
Realidad virtual,5
Liderazgo,4
Era digital,3
4G,3
privacidad,3
Creatividad,3
Marketing,3
Brecha digital,3
Disrupcion,2
3G,2
Cultura digital,2
Sustentable,2
2G,1
Censura,1
Ciudad inteligente,1
Telemedicina,1
transformacion digital TD,0
Manipulación redes,0
Sociedad digital,0
Servicios públicos,0
Encuests,0
Gobernanza,0
Gobierno abierto,0
Colaboración,0
Video juegos,0
Alfabetización digital,0
Modernización,0
Acoso digital,0
Ciberbullyng,0
Inclusión digital,0
Políticas públicas,0
Acceso Internet,0
Cambio social,0
Negocio datos,0
Estado colaborador,0
Postcensura,0
Identidad digital,0
Telefonía móvil,0
Economía digital,0
Futuro telecomunicaciones,0
Prosperidad,0
Inteligencia colaborativa,0
Derechos digitales,0
Igualdad acceso,0
Inclusión cultural,0
Centro nacional data,0
Transformación digital,0
Digitalizados,0
Educación,0
IoT Internet de las cosas,0
Inteligencia artificial  IA,0
Salto tecnológico,0
Innovación,0
Tecnológico,0
Neuronas,0
Milennials,0
Generación Z,0
Política digital,0
Ventas digitales,0
Ética,0
Ciencia datos,0
Futuro produccion,0
Geotecnologia,0
Conectivismo,0
Predecir Futuro,0
Comercio Electrónico,0
Búsqueda laboral,0
Regulación Telecomunicaciones,0
Subsidio conectividad,0
Investigación colaborativa,0
Colectividad y redes,0
Gratuidad,0
Protocolo Internet,0
Pobreza,0
Futuro Internet,0
