5G,222
Red,187
Empresa,123
Internet,69
Conectividad,62
Dato,58
Telecomunicaciones,54
Oportunidad,51
4G,45
Desarrollo,40
Trabajo,39
Infraestructura,31
Salud,26
Ecosistema,17
Digitalizacion,16
Empleo,15
Estrategia,13
3G,11
Disrupcion,10
Productividad,10
Data,8
Ciberseguridad,7
Nube,7
Cultura,6
Derechos digitales,6
Redes sociales,5
Aprender,5
Pobreza,5
2G,4
Gobierno digital,4
Gobernanza,4
Liderazgo,4
Neuronas,4
Realidad aumentada,4
privacidad,3
Realidad virtual,3
Era digital,2
Teletrabajo,2
Igualdad,2
Marketing,2
Turismo,1
Algoritmo,1
Identidad digital,1
Big data,1
Creatividad,1
Ancho de banda,1
Brecha digital,1
transformacion digital TD,0
Manipulación redes,0
Sociedad digital,0
Servicios públicos,0
Encuests,0
Gobierno abierto,0
Colaboración,0
Video juegos,0
Alfabetización digital,0
Modernización,0
Acoso digital,0
Ciberbullyng,0
Inclusión digital,0
Políticas públicas,0
Bienestar digital,0
Acceso Internet,0
Cambio social,0
Negocio datos,0
Estado colaborador,0
Censura,0
Postcensura,0
Telefonía móvil,0
Economía digital,0
Futuro telecomunicaciones,0
Prosperidad,0
Inteligencia colaborativa,0
Igualdad acceso,0
Inclusión cultural,0
Centro nacional data,0
Transformación digital,0
Digitalizados,0
Educación,0
Cultura digital,0
IoT Internet de las cosas,0
Inteligencia artificial  IA,0
Salto tecnológico,0
Innovación,0
Tecnológico,0
Ciudad inteligente,0
Grafos,0
Milennials,0
Generación Z,0
Política digital,0
Ventas digitales,0
Sustentable,0
Ética,0
Encuesta,0
Ciencia datos,0
Futuro produccion,0
Geotecnologia,0
Conectivismo,0
Telemedicina,0
Predecir Futuro,0
Comercio Electrónico,0
Búsqueda laboral,0
Regulación Telecomunicaciones,0
Subsidio conectividad,0
Investigación colaborativa,0
Colectividad y redes,0
Gratuidad,0
Protocolo Internet,0
Futuro Internet,0
